,year,continent,co2,co2_per_capita,co2_global_share
72,1884,Africa,0.022000000000000002,0.005,0.0
73,1885,Africa,0.037000000000000005,0.008,0.0
74,1886,Africa,0.048,0.01,0.0
75,1887,Africa,0.048,0.01,0.0
76,1888,Africa,0.081,0.017,0.01
77,1889,Africa,0.132,0.027999999999999997,0.01
78,1890,Africa,0.297,0.062,0.02
79,1891,Africa,0.297,0.062,0.02
80,1892,Africa,0.48,0.099,0.04
81,1893,Africa,1.7990000000000002,0.366,0.13
82,1894,Africa,2.4330000000000003,0.49,0.17
83,1895,Africa,3.338,0.664,0.22
84,1896,Africa,4.258,0.838,0.28
85,1897,Africa,4.7780000000000005,0.93,0.3
86,1898,Africa,6.0489999999999995,1.1640000000000001,0.36
87,1899,Africa,5.518,1.048,0.3
88,1900,Africa,2.33,0.436,0.12
89,1901,Africa,3.909,0.721,0.19
90,1902,Africa,5.8260000000000005,1.057,0.28
91,1903,Africa,7.896,1.169,0.35
92,1904,Africa,8.911,1.296,0.39
93,1905,Africa,10.263,1.4669999999999999,0.42
94,1906,Africa,11.717,1.646,0.46
95,1907,Africa,12.93,1.785,0.45
96,1908,Africa,13.402999999999999,1.819,0.48
97,1909,Africa,15.385,2.052,0.53
98,1910,Africa,17.410999999999998,2.283,0.58
99,1911,Africa,16.865,0.892,0.55
100,1912,Africa,17.954,0.937,0.56
101,1913,Africa,19.605999999999998,1.01,0.56
102,1914,Africa,19.551,0.9940000000000001,0.62
103,1915,Africa,19.605999999999998,0.466,0.63
104,1916,Africa,23.255,0.461,0.69
105,1917,Africa,25.344,0.49700000000000005,0.72
106,1918,Africa,24.725,0.48,0.71
107,1919,Africa,25.443,0.511,0.84
108,1920,Africa,28.052,0.461,0.8
109,1921,Africa,27.986,0.45399999999999996,0.91
110,1922,Africa,23.97,0.39899999999999997,0.74
111,1923,Africa,29.045,0.47700000000000004,0.79
112,1924,Africa,30.631,0.496,0.83
113,1925,Africa,32.185,0.513,0.87
114,1926,Africa,34.438,0.541,0.94
115,1927,Africa,33.841,0.49200000000000005,0.85
116,1928,Africa,34.77,0.457,0.88
117,1929,Africa,35.802,0.46399999999999997,0.84
118,1930,Africa,33.696,0.43,0.86
119,1931,Africa,29.464000000000002,0.37,0.84
120,1932,Africa,26.623,0.32899999999999996,0.84
121,1933,Africa,28.491,0.324,0.86
122,1934,Africa,32.539,0.364,0.9
123,1935,Africa,35.91,0.396,0.95
124,1936,Africa,39.016,0.439,0.94
125,1937,Africa,41.843999999999994,0.46399999999999997,0.94
126,1938,Africa,44.013000000000005,0.48,1.05
127,1939,Africa,46.853,0.499,1.06
128,1940,Africa,49.648999999999994,0.52,1.02
129,1941,Africa,54.023,0.47,1.09
130,1942,Africa,58.823,0.504,1.19
131,1943,Africa,60.12,0.507,1.2
132,1944,Africa,66.633,0.649,1.31
133,1945,Africa,67.527,0.628,1.59
134,1946,Africa,68.15899999999999,0.644,1.47
135,1947,Africa,67.935,0.609,1.32
136,1948,Africa,71.733,0.545,1.33
137,1949,Africa,77.324,0.5770000000000001,1.47
138,1950,Africa,93.45200000000001,0.474,1.56
139,1951,Africa,99.86200000000001,0.496,1.57
140,1952,Africa,108.882,0.529,1.68
141,1953,Africa,110.796,0.527,1.67
142,1954,Africa,116.15700000000001,0.541,1.71
143,1955,Africa,128.058,0.583,1.72
144,1956,Africa,133.509,0.594,1.68
145,1957,Africa,139.953,0.608,1.71
146,1958,Africa,148.305,0.58,1.76
147,1959,Africa,147.911,0.54,1.67
148,1960,Africa,156.64,0.5589999999999999,1.67
149,1961,Africa,162.079,0.565,1.72
150,1962,Africa,166.426,0.5670000000000001,1.71
151,1963,Africa,176.44799999999998,0.586,1.72
152,1964,Africa,193.764,0.627,1.79
153,1965,Africa,213.785,0.675,1.89
154,1966,Africa,221.262,0.6809999999999999,1.86
155,1967,Africa,237.25799999999998,0.7120000000000001,1.94
156,1968,Africa,257.6,0.754,2.0
157,1969,Africa,278.139,0.794,2.02
158,1970,Africa,302.943,0.843,2.03
159,1971,Africa,332.20599999999996,0.9,2.14
160,1972,Africa,352.24199999999996,0.9279999999999999,2.17
161,1973,Africa,378.42699999999996,0.972,2.22
162,1974,Africa,388.87300000000005,0.972,2.29
163,1975,Africa,387.839,0.9440000000000001,2.28
164,1976,Africa,420.86800000000005,0.997,2.34
165,1977,Africa,433.85699999999997,1.0,2.35
166,1978,Africa,463.282,1.038,2.43
167,1979,Africa,500.009,1.089,2.55
168,1980,Africa,536.51,1.137,2.75
169,1981,Africa,549.389,1.1320000000000001,2.89
170,1982,Africa,572.6030000000001,1.146,3.03
171,1983,Africa,595.441,1.159,3.13
172,1984,Africa,650.285,1.23,3.31
173,1985,Africa,666.684,1.226,3.28
174,1986,Africa,690.7,1.235,3.35
175,1987,Africa,690.794,1.2009999999999998,3.25
176,1988,Africa,726.048,1.228,3.29
177,1989,Africa,699.221,1.15,3.12
178,1990,Africa,659.295,1.052,2.9
179,1991,Africa,689.0260000000001,1.068,2.97
180,1992,Africa,668.677,1.01,2.96
181,1993,Africa,708.8580000000001,1.043,3.11
182,1994,Africa,719.623,1.0290000000000001,3.13
183,1995,Africa,771.9939999999999,1.077,3.29
184,1996,Africa,783.2539999999999,1.0659999999999998,3.24
185,1997,Africa,812.903,1.079,3.35
186,1998,Africa,838.0219999999999,1.085,3.46
187,1999,Africa,830.3969999999999,1.05,3.39
188,2000,Africa,886.562,1.094,3.51
189,2001,Africa,884.168,1.064,3.47
190,2002,Africa,892.575,1.0490000000000002,3.43
191,2003,Africa,967.22,1.109,3.53
192,2004,Africa,1036.6860000000001,1.16,3.62
193,2005,Africa,1057.3419999999999,1.155,3.57
194,2006,Africa,1090.195,1.161,3.56
195,2007,Africa,1132.2930000000001,1.176,3.6
196,2008,Africa,1181.391,1.197,3.68
197,2009,Africa,1191.035,1.176,3.77
198,2010,Africa,1218.0230000000001,1.172,3.65
199,2011,Africa,1258.7089999999998,1.181,3.65
200,2012,Africa,1253.144,1.146,3.58
201,2013,Africa,1260.316,1.123,3.57
202,2014,Africa,1363.5,1.1840000000000002,3.84
203,2015,Africa,1322.735,1.119,3.73
204,2016,Africa,1356.719,1.119,3.83
205,2017,Africa,1384.372,1.113,3.85
206,2018,Africa,1385.645,1.0859999999999999,3.78
207,2019,Africa,1408.479,1.077,3.84
208,2020,Africa,1326.0439999999999,0.99,3.81
1053,1830,Asia,0.002,0.0,0.0
1054,1831,Asia,0.003,0.0,0.0
1055,1832,Asia,0.002,0.0,0.0
1056,1833,Asia,0.002,0.0,0.0
1057,1834,Asia,,,
1058,1835,Asia,,,
1059,1836,Asia,,,
1060,1837,Asia,,,
1061,1838,Asia,,,
1062,1839,Asia,,,
1063,1840,Asia,,,
1064,1841,Asia,,,
1065,1842,Asia,,,
1066,1843,Asia,,,
1067,1844,Asia,,,
1068,1845,Asia,,,
1069,1846,Asia,,,
1070,1847,Asia,,,
1071,1848,Asia,,,
1072,1849,Asia,,,
1073,1850,Asia,0.015,0.002,0.01
1074,1851,Asia,,,
1075,1852,Asia,,,
1076,1853,Asia,,,
1077,1854,Asia,,,
1078,1855,Asia,0.045,0.004,0.02
1079,1856,Asia,,,
1080,1857,Asia,,,
1081,1858,Asia,0.45799999999999996,0.002,0.16
1082,1859,Asia,0.7040000000000001,0.003,0.23
1083,1860,Asia,0.733,0.003,0.22
1084,1861,Asia,0.611,0.002,0.18
1085,1862,Asia,0.653,0.002,0.18
1086,1863,Asia,0.7170000000000001,0.003,0.19
1087,1864,Asia,0.6970000000000001,0.003,0.17
1088,1865,Asia,0.8320000000000001,0.003,0.19
1089,1866,Asia,1.21,0.004,0.27
1090,1867,Asia,0.6409999999999999,0.027000000000000003,0.13
1091,1868,Asia,0.531,0.009000000000000001,0.11
1092,1869,Asia,0.752,0.013000000000000001,0.14
1093,1870,Asia,0.682,0.012,0.13
1094,1871,Asia,0.907,0.016,0.16
1095,1872,Asia,0.98,0.017,0.16
1096,1873,Asia,0.937,0.016,0.14
1097,1874,Asia,1.642,0.027000000000000003,0.26
1098,1875,Asia,2.7119999999999997,0.045,0.4
1099,1876,Asia,2.821,0.046,0.41
1100,1877,Asia,2.903,0.048,0.42
1101,1878,Asia,5.477,0.017,0.78
1102,1879,Asia,5.691,0.018000000000000002,0.75
1103,1880,Asia,6.211,0.019,0.73
1104,1881,Asia,6.372000000000001,0.02,0.72
1105,1882,Asia,6.901,0.021,0.74
1106,1883,Asia,7.632999999999999,0.023,0.77
1107,1884,Asia,8.218,0.025,0.82
1108,1885,Asia,8.567,0.025,0.85
1109,1886,Asia,9.144,0.027000000000000003,0.89
1110,1887,Asia,10.569,0.031,0.98
1111,1888,Asia,11.751,0.034,0.99
1112,1889,Asia,13.819,0.036000000000000004,1.16
1113,1890,Asia,15.128,0.039,1.17
1114,1891,Asia,17.249000000000002,0.044000000000000004,1.27
1115,1892,Asia,18.324,0.046,1.34
1116,1893,Asia,20.47,0.051,1.51
1117,1894,Asia,22.807,0.055999999999999994,1.63
1118,1895,Asia,26.372,0.065,1.78
1119,1896,Asia,28.1,0.068,1.83
1120,1897,Asia,30.566999999999997,0.07400000000000001,1.9
1121,1898,Asia,36.579,0.08800000000000001,2.16
1122,1899,Asia,38.846,0.048,2.1
1123,1900,Asia,44.119,0.105,2.26
1124,1901,Asia,50.483999999999995,0.11900000000000001,2.5
1125,1902,Asia,52.62,0.063,2.54
1126,1903,Asia,57.141999999999996,0.068,2.53
1127,1904,Asia,64.125,0.076,2.81
1128,1905,Asia,65.418,0.076,2.69
1129,1906,Asia,87.527,0.10099999999999999,3.43
1130,1907,Asia,94.294,0.10800000000000001,3.27
1131,1908,Asia,106.137,0.121,3.82
1132,1909,Asia,105.95100000000001,0.11800000000000001,3.67
1133,1910,Asia,104.67399999999999,0.115,3.46
1134,1911,Asia,121.139,0.131,3.93
1135,1912,Asia,112.71700000000001,0.121,3.49
1136,1913,Asia,124.071,0.132,3.55
1137,1914,Asia,131.44799999999998,0.139,4.15
1138,1915,Asia,127.50200000000001,0.134,4.08
1139,1916,Asia,137.918,0.14400000000000002,4.09
1140,1917,Asia,149.998,0.158,4.25
1141,1918,Asia,153.275,0.158,4.41
1142,1919,Asia,169.919,0.174,5.64
1143,1920,Asia,162.006,0.16399999999999998,4.62
1144,1921,Asia,158.417,0.159,5.15
1145,1922,Asia,168.043,0.168,5.21
1146,1923,Asia,184.954,0.184,5.05
1147,1924,Asia,199.653,0.19699999999999998,5.44
1148,1925,Asia,202.835,0.198,5.46
1149,1926,Asia,204.90099999999998,0.19899999999999998,5.62
1150,1927,Asia,224.699,0.21600000000000003,5.64
1151,1928,Asia,235.12099999999998,0.221,5.93
1152,1929,Asia,246.09400000000002,0.23,5.78
1153,1930,Asia,246.558,0.228,6.28
1154,1931,Asia,237.33700000000002,0.214,6.77
1155,1932,Asia,237.433,0.212,7.52
1156,1933,Asia,261.529,0.231,7.86
1157,1934,Asia,296.938,0.26,8.21
1158,1935,Asia,322.726,0.27899999999999997,8.5
1159,1936,Asia,354.20099999999996,0.303,8.49
1160,1937,Asia,375.6,0.318,8.42
1161,1938,Asia,389.285,0.325,9.28
1162,1939,Asia,412.158,0.341,9.29
1163,1940,Asia,467.791,0.384,9.65
1164,1941,Asia,472.586,0.385,9.53
1165,1942,Asia,433.908,0.36200000000000004,8.78
1166,1943,Asia,428.67900000000003,0.35100000000000003,8.53
1167,1944,Asia,435.865,0.35600000000000004,8.54
1168,1945,Asia,323.129,0.263,7.61
1169,1946,Asia,311.41,0.239,6.72
1170,1947,Asia,372.869,0.28,7.27
1171,1948,Asia,370.219,0.278,6.85
1172,1949,Asia,456.736,0.337,8.71
1173,1950,Asia,476.12199999999996,0.341,7.93
1174,1951,Asia,456.06699999999995,0.32,7.15
1175,1952,Asia,505.795,0.348,7.82
1176,1953,Asia,541.4119999999999,0.365,8.14
1177,1954,Asia,593.298,0.39299999999999996,8.74
1178,1955,Asia,676.212,0.43700000000000006,9.08
1179,1956,Asia,750.837,0.47700000000000004,9.48
1180,1957,Asia,845.2330000000001,0.526,10.33
1181,1958,Asia,1139.733,0.696,13.54
1182,1959,Asia,1375.5220000000002,0.8240000000000001,15.53
1183,1960,Asia,1540.394,0.905,16.41
1184,1961,Asia,1395.308,0.804,14.82
1185,1962,Asia,1344.4460000000001,0.759,13.79
1186,1963,Asia,1425.118,0.7879999999999999,13.87
1187,1964,Asia,1509.495,0.816,13.94
1188,1965,Asia,1652.0639999999999,0.873,14.6
1189,1966,Asia,1799.358,0.9279999999999999,15.16
1190,1967,Asia,1827.4489999999998,0.92,14.93
1191,1968,Asia,2018.3870000000002,0.991,15.63
1192,1969,Asia,2291.94,1.0979999999999999,16.65
1193,1970,Asia,2699.301,1.261,18.12
1194,1971,Asia,2953.833,1.348,19.06
1195,1972,Asia,3124.01,1.392,19.26
1196,1973,Asia,3355.5190000000002,1.4609999999999999,19.65
1197,1974,Asia,3415.347,1.455,20.08
1198,1975,Asia,3581.0029999999997,1.493,21.01
1199,1976,Asia,3806.119,1.554,21.16
1200,1977,Asia,4050.961,1.6219999999999999,21.9
1201,1978,Asia,4232.254,1.662,22.2
1202,1979,Asia,4405.94,1.6969999999999998,22.47
1203,1980,Asia,4400.905,1.663,22.58
1204,1981,Asia,4374.459,1.621,22.99
1205,1982,Asia,4524.213,1.645,23.97
1206,1983,Asia,4706.387,1.6780000000000002,24.77
1207,1984,Asia,4980.670999999999,1.7409999999999999,25.34
1208,1985,Asia,5272.291,1.807,25.95
1209,1986,Asia,5498.753000000001,1.8459999999999999,26.67
1210,1987,Asia,5735.494000000001,1.8869999999999998,26.97
1211,1988,Asia,6205.031,2.0,28.08
1212,1989,Asia,6421.483,2.03,28.66
1213,1990,Asia,6625.838000000001,2.055,29.13
1214,1991,Asia,6956.347,2.12,29.94
1215,1992,Asia,7269.585,2.1790000000000003,32.21
1216,1993,Asia,7600.515,2.2430000000000003,33.33
1217,1994,Asia,7931.294,2.305,34.54
1218,1995,Asia,8251.609,2.363,35.18
1219,1996,Asia,8579.1,2.4219999999999997,35.52
1220,1997,Asia,8691.038,2.419,35.76
1221,1998,Asia,8421.433,2.312,34.79
1222,1999,Asia,8678.317,2.351,35.39
1223,2000,Asia,9091.055,2.431,36.03
1224,2001,Asia,9259.171999999999,2.445,36.38
1225,2002,Asia,9779.534,2.55,37.56
1226,2003,Asia,10716.11,2.76,39.16
1227,2004,Asia,11681.501,2.972,40.81
1228,2005,Asia,12522.219,3.1489999999999996,42.3
1229,2006,Asia,13363.127,3.321,43.69
1230,2007,Asia,14080.908000000001,3.46,44.71
1231,2008,Asia,14811.211000000001,3.5980000000000003,46.18
1232,2009,Asia,15412.298999999999,3.7030000000000003,48.76
1233,2010,Asia,16530.951,3.928,49.58
1234,2011,Asia,17746.631999999998,4.172,51.49
1235,2012,Asia,18456.3,4.293,52.77
1236,2013,Asia,18714.335,4.308,53.04
1237,2014,Asia,19018.802,4.334,53.52
1238,2015,Asia,19135.91,4.317,53.91
1239,2016,Asia,19218.166,4.294,54.21
1240,2017,Asia,19653.513,4.35,54.71
1241,2018,Asia,20254.37,4.442,55.27
1242,2019,Asia,20608.593,4.48,56.15
1243,2020,Asia,20317.058,4.379,58.37
7502,1750,Europe,9.351,1.0070000000000001,100.0
7503,1751,Europe,9.351,,100.0
7504,1752,Europe,9.354,,100.0
7505,1753,Europe,9.354,,100.0
7506,1754,Europe,9.357999999999999,,100.0
7507,1755,Europe,9.362,,100.0
7508,1756,Europe,10.006,,100.0
7509,1757,Europe,10.01,,100.0
7510,1758,Europe,10.014,,100.0
7511,1759,Europe,10.017000000000001,,100.0
7512,1760,Europe,10.017000000000001,1.02,100.0
7513,1761,Europe,10.974,,100.0
7514,1762,Europe,10.977,,100.0
7515,1763,Europe,10.981,,100.0
7516,1764,Europe,10.985,,100.0
7517,1765,Europe,10.988,,100.0
7518,1766,Europe,12.26,,100.0
7519,1767,Europe,12.263,,100.0
7520,1768,Europe,12.267000000000001,,100.0
7521,1769,Europe,12.270999999999999,,100.0
7522,1770,Europe,12.274000000000001,1.1840000000000002,100.0
7523,1771,Europe,13.612,,100.0
7524,1772,Europe,13.615,,100.0
7525,1773,Europe,13.619000000000002,,100.0
7526,1774,Europe,13.623,,100.0
7527,1775,Europe,13.626,,100.0
7528,1776,Europe,15.037,,100.0
7529,1777,Europe,15.040999999999999,,100.0
7530,1778,Europe,15.044,,100.0
7531,1779,Europe,15.048,,100.0
7532,1780,Europe,15.055,1.3769999999999998,100.0
7533,1781,Europe,16.843,,100.0
7534,1782,Europe,16.847,,100.0
7535,1783,Europe,16.854,,100.0
7536,1784,Europe,16.858,,100.0
7537,1785,Europe,16.865,,99.98
7538,1786,Europe,19.148,,99.98
7539,1787,Europe,19.155,,99.98
7540,1788,Europe,19.159000000000002,,99.98
7541,1789,Europe,19.166,,99.98
7542,1790,Europe,19.174,1.665,99.98
7543,1791,Europe,21.416,,99.98
7544,1792,Europe,21.892,,99.98
7545,1793,Europe,21.910999999999998,,99.98
7546,1794,Europe,21.878,,99.98
7547,1795,Europe,21.889,,99.98
7548,1796,Europe,22.948,,99.98
7549,1797,Europe,24.090999999999998,,99.98
7550,1798,Europe,25.090999999999998,,99.99
7551,1799,Europe,26.425,,99.99
7552,1800,Europe,27.835,0.737,99.09
7553,1801,Europe,27.689,0.7240000000000001,99.03
7554,1802,Europe,36.49,0.512,99.2
7555,1803,Europe,31.188000000000002,0.7959999999999999,99.05
7556,1804,Europe,33.973,0.491,99.02
7557,1805,Europe,33.075,0.823,98.97
7558,1806,Europe,34.709,0.852,99.04
7559,1807,Europe,36.493,0.823,98.97
7560,1808,Europe,34.669000000000004,0.83,98.87
7561,1809,Europe,34.683,0.82,98.84
7562,1810,Europe,36.959,0.504,98.87
7563,1811,Europe,39.132,0.526,98.86
7564,1812,Europe,40.52,0.537,98.81
7565,1813,Europe,40.696,0.53,98.73
7566,1814,Europe,41.56399999999999,0.531,98.66
7567,1815,Europe,42.883,0.5379999999999999,98.61
7568,1816,Europe,46.998000000000005,0.579,98.6
7569,1817,Europe,48.708999999999996,0.588,98.54
7570,1818,Europe,48.858999999999995,0.579,98.42
7571,1819,Europe,49.181999999999995,0.551,98.47
7572,1820,Europe,49.893,0.55,98.43
7573,1821,Europe,50.604,0.551,98.38
7574,1822,Europe,52.597,0.5660000000000001,98.38
7575,1823,Europe,55.645,0.593,98.4
7576,1824,Europe,57.506,0.607,98.26
7577,1825,Europe,59.617,0.624,98.12
7578,1826,Europe,60.101000000000006,0.623,97.85
7579,1827,Europe,64.464,0.662,97.8
7580,1828,Europe,65.04,0.6609999999999999,97.6
7581,1829,Europe,64.596,0.644,97.29
7582,1830,Europe,87.029,0.499,97.65
7583,1831,Europe,82.258,0.467,97.31
7584,1832,Europe,82.083,0.465,96.44
7585,1833,Europe,83.273,0.46799999999999997,95.93
7586,1834,Europe,85.1,0.6629999999999999,96.17
7587,1835,Europe,86.126,0.675,95.22
7588,1836,Europe,100.042,0.778,95.48
7589,1837,Europe,99.382,0.767,94.93
7590,1838,Europe,103.01,0.789,95.34
7591,1839,Europe,106.09100000000001,0.7879999999999999,95.05
7592,1840,Europe,113.053,0.8340000000000001,95.06
7593,1841,Europe,116.402,0.853,94.93
7594,1842,Europe,122.583,0.893,94.66
7595,1843,Europe,125.085,0.897,94.15
7596,1844,Europe,132.113,0.9420000000000001,93.42
7597,1845,Europe,144.003,1.021,92.78
7598,1846,Europe,145.058,1.002,91.93
7599,1847,Europe,157.299,1.08,91.24
7600,1848,Europe,156.991,1.11,90.32
7601,1849,Europe,165.243,1.162,90.04
7602,1850,Europe,177.03,0.8320000000000001,89.91
7603,1851,Europe,174.102,1.168,87.57
7604,1852,Europe,180.676,1.204,87.05
7605,1853,Europe,186.945,1.238,86.07
7606,1854,Europe,221.855,1.4609999999999999,86.95
7607,1855,Europe,221.81,1.015,85.26
7608,1856,Europe,237.075,1.5419999999999998,85.5
7609,1857,Europe,238.618,1.5419999999999998,85.25
7610,1858,Europe,241.801,1.032,85.09
7611,1859,Europe,254.97299999999998,1.081,84.62
7612,1860,Europe,281.812,1.024,85.23
7613,1861,Europe,300.478,1.084,86.41
7614,1862,Europe,305.04,1.092,86.16
7615,1863,Europe,321.23,1.1420000000000001,85.01
7616,1864,Europe,346.62699999999995,1.2229999999999999,85.15
7617,1865,Europe,371.214,1.3,85.87
7618,1866,Europe,383.59,1.334,86.01
7619,1867,Europe,401.82099999999997,1.37,84.1
7620,1868,Europe,406.19199999999995,1.374,82.77
7621,1869,Europe,425.356,1.4280000000000002,81.62
7622,1870,Europe,431.41,1.4169999999999998,81.01
7623,1871,Europe,459.74199999999996,1.499,81.21
7624,1872,Europe,496.532,1.6059999999999999,79.27
7625,1873,Europe,522.498,1.6769999999999998,78.52
7626,1874,Europe,484.545,1.5430000000000001,77.78
7627,1875,Europe,534.636,1.6880000000000002,79.11
7628,1876,Europe,547.124,1.735,79.81
7629,1877,Europe,545.931,1.7180000000000002,78.09
7630,1878,Europe,551.744,1.722,78.33
7631,1879,Europe,569.566,1.742,75.45
7632,1880,Europe,640.7180000000001,1.9380000000000002,75.05
7633,1881,Europe,657.7489999999999,1.956,74.54
7634,1882,Europe,680.173,2.0380000000000003,72.99
7635,1883,Europe,718.737,2.11,72.52
7636,1884,Europe,714.1139999999999,2.106,71.26
7637,1885,Europe,716.627,2.051,70.98
7638,1886,Europe,715.953,2.0780000000000003,69.82
7639,1887,Europe,743.2510000000001,2.14,69.03
7640,1888,Europe,787.4689999999999,2.221,66.05
7641,1889,Europe,824.518,2.336,69.18
7642,1890,Europe,862.528,2.371,66.43
7643,1891,Europe,892.962,2.435,65.71
7644,1892,Europe,879.268,2.3480000000000003,64.18
7645,1893,Europe,854.818,2.2640000000000002,63.15
7646,1894,Europe,927.8539999999999,2.437,66.23
7647,1895,Europe,952.554,2.481,64.13
7648,1896,Europe,996.091,2.573,64.95
7649,1897,Europe,1045.58,2.678,65.09
7650,1898,Europe,1079.0710000000001,2.74,63.69
7651,1899,Europe,1149.406,2.8939999999999997,62.1
7652,1900,Europe,1205.634,3.01,61.76
7653,1901,Europe,1195.1019999999999,2.958,59.26
7654,1902,Europe,1195.9669999999999,2.9339999999999997,57.84
7655,1903,Europe,1245.0510000000002,3.0269999999999997,55.19
7656,1904,Europe,1268.305,3.057,55.58
7657,1905,Europe,1305.576,3.1189999999999998,53.74
7658,1906,Europe,1347.296,3.19,52.8
7659,1907,Europe,1492.693,3.502,51.73
7660,1908,Europe,1517.106,3.528,54.64
7661,1909,Europe,1518.711,3.505,52.6
7662,1910,Europe,1538.4920000000002,3.4930000000000003,50.82
7663,1911,Europe,1573.985,3.592,51.06
7664,1912,Europe,1632.356,3.7569999999999997,50.56
7665,1913,Europe,1767.217,3.968,50.6
7666,1914,Europe,1573.793,3.61,49.67
7667,1915,Europe,1492.7060000000001,3.4160000000000004,47.77
7668,1916,Europe,1561.015,3.5639999999999996,46.28
7669,1917,Europe,1533.267,3.4939999999999998,43.46
7670,1918,Europe,1394.0539999999999,3.1689999999999996,40.07
7671,1919,Europe,1183.761,2.617,39.26
7672,1920,Europe,1373.671,3.022,39.16
7673,1921,Europe,1253.115,2.742,40.74
7674,1922,Europe,1397.865,3.065,43.33
7675,1923,Europe,1335.6729999999998,2.906,36.48
7676,1924,Europe,1541.491,3.301,41.98
7677,1925,Europe,1526.763,3.245,41.12
7678,1926,Europe,1308.385,2.76,35.89
7679,1927,Europe,1670.139,3.4960000000000004,41.95
7680,1928,Europe,1676.785,3.484,42.32
7681,1929,Europe,1820.2420000000002,3.753,42.78
7682,1930,Europe,1721.1689999999999,3.523,43.87
7683,1931,Europe,1606.566,3.265,45.83
7684,1932,Europe,1492.846,3.012,47.25
7685,1933,Europe,1537.1760000000002,3.073,46.21
7686,1934,Europe,1682.142,3.34,46.5
7687,1935,Europe,1766.8029999999999,3.483,46.54
7688,1936,Europe,1876.495,3.6719999999999997,44.99
7689,1937,Europe,2036.5829999999999,3.958,45.67
7690,1938,Europe,2045.975,3.949,48.77
7691,1939,Europe,2094.155,4.013999999999999,47.19
7692,1940,Europe,2227.7960000000003,4.244,45.93
7693,1941,Europe,2142.812,4.176,43.21
7694,1942,Europe,1996.335,3.875,40.41
7695,1943,Europe,2002.95,3.763,39.87
7696,1944,Europe,1889.2579999999998,3.533,37.0
7697,1945,Europe,1233.343,2.2969999999999997,29.06
7698,1946,Europe,1656.559,3.0789999999999997,35.75
7699,1947,Europe,1907.211,3.534,37.18
7700,1948,Europe,2055.5229999999997,3.7910000000000004,38.06
7701,1949,Europe,2242.201,4.113,42.76
7702,1950,Europe,2382.639,4.335,39.69
7703,1951,Europe,2629.48,4.7410000000000005,41.22
7704,1952,Europe,2713.203,4.845,41.96
7705,1953,Europe,2790.667,4.934,41.98
7706,1954,Europe,2969.1209999999996,5.1979999999999995,43.73
7707,1955,Europe,3232.6620000000003,5.603,43.43
7708,1956,Europe,3444.1079999999997,5.9110000000000005,43.46
7709,1957,Europe,3592.022,6.105,43.88
7710,1958,Europe,3630.382,6.111000000000001,43.13
7711,1959,Europe,3711.8309999999997,6.188,41.91
7712,1960,Europe,3961.923,6.541,42.21
7713,1961,Europe,4106.401,6.712000000000001,43.6
7714,1962,Europe,4333.286,7.013,44.44
7715,1963,Europe,4607.005999999999,7.3839999999999995,44.85
7716,1964,Europe,4836.005,7.68,44.66
7717,1965,Europe,4978.52,7.8389999999999995,43.99
7718,1966,Europe,5149.149,8.045,43.39
7719,1967,Europe,5262.923000000001,8.164,42.99
7720,1968,Europe,5508.267,8.488,42.67
7721,1969,Europe,5808.331,8.892999999999999,42.19
7722,1970,Europe,6090.346,9.267000000000001,40.88
7723,1971,Europe,6312.7480000000005,9.545,40.73
7724,1972,Europe,6541.129,9.829,40.32
7725,1973,Europe,6833.579000000001,10.206,40.01
7726,1974,Europe,6851.164000000001,10.173,40.28
7727,1975,Europe,6889.733,10.173,40.42
7728,1976,Europe,7264.647,10.67,40.4
7729,1977,Europe,7320.281,10.697000000000001,39.58
7730,1978,Europe,7552.39,10.982999999999999,39.61
7731,1979,Europe,7732.355,11.193,39.43
7732,1980,Europe,7735.701,11.148,39.69
7733,1981,Europe,7453.972,10.696,39.18
7734,1982,Europe,7394.331,10.568,39.17
7735,1983,Europe,7400.814,10.536,38.96
7736,1984,Europe,7451.776,10.568,37.91
7737,1985,Europe,7775.661,10.984000000000002,38.27
7738,1986,Europe,7788.33,10.958,37.77
7739,1987,Europe,7812.7480000000005,10.948,36.74
7740,1988,Europe,7846.139,10.952,35.5
7741,1989,Europe,7813.968000000001,10.868,34.87
7742,1990,Europe,8015.589,11.112,35.23
7743,1991,Europe,7714.3859999999995,10.665999999999999,33.2
7744,1992,Europe,7078.818,9.765,31.36
7745,1993,Europe,6791.984,9.353,29.78
7746,1994,Europe,6433.785,8.849,28.02
7747,1995,Europe,6415.241,8.818,27.35
7748,1996,Europe,6464.354,8.885,26.76
7749,1997,Europe,6258.128000000001,8.605,25.75
7750,1998,Europe,6232.187,8.576,25.75
7751,1999,Europe,6147.589,8.464,25.07
7752,2000,Europe,6149.034000000001,8.468,24.37
7753,2001,Europe,6275.941,8.64,24.66
7754,2002,Europe,6241.656,8.586,23.97
7755,2003,Europe,6387.840999999999,8.777000000000001,23.34
7756,2004,Europe,6419.130999999999,8.807,22.42
7757,2005,Europe,6410.33,8.781,21.65
7758,2006,Europe,6509.434,8.902000000000001,21.28
7759,2007,Europe,6457.352,8.814,20.5
7760,2008,Europe,6384.571999999999,8.696,19.91
7761,2009,Europe,5871.170999999999,7.981,18.58
7762,2010,Europe,6098.535,8.273,18.29
7763,2011,Europe,6023.668000000001,8.155,17.48
7764,2012,Europe,5972.232,8.07,17.08
7765,2013,Europe,5815.575,7.845,16.48
7766,2014,Europe,5589.757,7.527,15.73
7767,2015,Europe,5594.384,7.521,15.76
7768,2016,Europe,5590.253000000001,7.502999999999999,15.77
7769,2017,Europe,5620.307,7.532,15.64
7770,2018,Europe,5593.057,7.485,15.26
7771,2019,Europe,5430.2390000000005,7.26,14.8
7772,2020,Europe,4946.034000000001,6.608,14.21
16178,1785,North America,0.004,,0.02
16179,1786,North America,0.004,,0.02
16180,1787,North America,0.004,,0.02
16181,1788,North America,0.004,,0.02
16182,1789,North America,0.004,,0.02
16183,1790,North America,0.004,0.004,0.02
16184,1791,North America,0.004,,0.02
16185,1792,North America,0.004,,0.02
16186,1793,North America,0.004,,0.02
16187,1794,North America,0.004,,0.02
16188,1795,North America,0.004,,0.02
16189,1796,North America,0.004,,0.02
16190,1797,North America,0.004,,0.02
16191,1798,North America,0.004,,0.01
16192,1799,North America,0.004,,0.01
16193,1800,North America,0.256,0.04,0.91
16194,1801,North America,0.271,0.040999999999999995,0.97
16195,1802,North America,0.293,0.043,0.8
16196,1803,North America,0.3,0.044000000000000004,0.95
16197,1804,North America,0.337,0.048,0.98
16198,1805,North America,0.344,0.048,1.03
16199,1806,North America,0.337,0.046,0.96
16200,1807,North America,0.381,0.051,1.03
16201,1808,North America,0.396,0.052000000000000005,1.13
16202,1809,North America,0.40700000000000003,0.053,1.16
16203,1810,North America,0.42100000000000004,0.053,1.13
16204,1811,North America,0.451,0.055,1.14
16205,1812,North America,0.48700000000000004,0.057999999999999996,1.19
16206,1813,North America,0.524,0.06,1.27
16207,1814,North America,0.564,0.063,1.34
16208,1815,North America,0.605,0.066,1.39
16209,1816,North America,0.667,0.07,1.4
16210,1817,North America,0.722,0.073,1.46
16211,1818,North America,0.784,0.077,1.58
16212,1819,North America,0.7659999999999999,0.073,1.53
16213,1820,North America,0.795,0.07400000000000001,1.57
16214,1821,North America,0.8320000000000001,0.075,1.62
16215,1822,North America,0.868,0.076,1.62
16216,1823,North America,0.905,0.077,1.6
16217,1824,North America,1.0190000000000001,0.084,1.74
16218,1825,North America,1.14,0.091,1.88
16219,1826,North America,1.319,0.10300000000000001,2.15
16220,1827,North America,1.4509999999999998,0.11,2.2
16221,1828,North America,1.598,0.11699999999999999,2.4
16222,1829,North America,1.7990000000000002,0.128,2.71
16223,1830,North America,2.092,0.145,2.35
16224,1831,North America,2.2680000000000002,0.153,2.68
16225,1832,North America,3.0260000000000002,0.198,3.56
16226,1833,North America,3.532,0.225,4.07
16227,1834,North America,3.386,0.21,3.83
16228,1835,North America,4.32,0.26,4.78
16229,1836,North America,4.734,0.27699999999999997,4.52
16230,1837,North America,5.309,0.302,5.07
16231,1838,North America,5.034,0.278,4.66
16232,1839,North America,5.522,0.29600000000000004,4.95
16233,1840,North America,5.877000000000001,0.306,4.94
16234,1841,North America,6.218,0.314,5.07
16235,1842,North America,6.921,0.34,5.34
16236,1843,North America,7.768,0.37,5.85
16237,1844,North America,9.31,0.43,6.58
16238,1845,North America,11.208,0.501,7.22
16239,1846,North America,12.735999999999999,0.552,8.07
16240,1847,North America,15.103,0.635,8.76
16241,1848,North America,16.825,0.6859999999999999,9.68
16242,1849,North America,18.269000000000002,0.722,9.96
16243,1850,North America,19.852,0.7609999999999999,10.08
16244,1851,North America,24.703000000000003,0.9179999999999999,12.43
16245,1852,North America,26.875,0.9690000000000001,12.95
16246,1853,North America,30.265,1.058,13.93
16247,1854,North America,33.284,1.129,13.05
16248,1855,North America,38.311,1.26,14.73
16249,1856,North America,40.216,1.2830000000000001,14.5
16250,1857,North America,41.271,1.2770000000000001,14.75
16251,1858,North America,41.912,1.258,14.75
16252,1859,North America,45.635,1.331,15.15
16253,1860,North America,47.818999999999996,1.357,14.46
16254,1861,North America,46.137,1.276,13.27
16255,1862,North America,48.00899999999999,1.296,13.56
16256,1863,North America,55.513000000000005,1.464,14.69
16257,1864,North America,59.5,1.534,14.62
16258,1865,North America,59.84,1.508,13.84
16259,1866,North America,60.474,1.489,13.56
16260,1867,North America,74.46,1.7919999999999998,15.58
16261,1868,North America,83.29700000000001,1.96,16.97
16262,1869,North America,94.381,2.17,18.11
16263,1870,North America,99.844,2.244,18.75
16264,1871,North America,104.801,2.303,18.51
16265,1872,North America,128.15200000000002,2.753,20.46
16266,1873,North America,141.115,2.964,21.21
16267,1874,North America,135.92,2.7910000000000004,21.82
16268,1875,North America,137.624,2.764,20.36
16269,1876,North America,134.678,2.6439999999999997,19.65
16270,1877,North America,149.19799999999998,2.864,21.34
16271,1878,North America,145.838,2.737,20.7
16272,1879,North America,177.653,3.26,23.53
16273,1880,North America,203.916,3.659,23.89
16274,1881,North America,215.78400000000002,3.786,24.45
16275,1882,North America,242.011,4.152,25.97
16276,1883,North America,261.313,4.3839999999999995,26.37
16277,1884,North America,276.189,4.532,27.56
16278,1885,North America,280.406,4.499,27.77
16279,1886,North America,296.26,4.648,28.89
16280,1887,North America,317.53,4.872,29.49
16281,1888,North America,387.186,5.809,32.47
16282,1889,North America,346.835,5.092,29.1
16283,1890,North America,414.161,5.954,31.9
16284,1891,North America,441.88599999999997,5.34,32.52
16285,1892,North America,464.918,5.513999999999999,33.93
16286,1893,North America,469.48,5.468,34.68
16287,1894,North America,439.769,5.03,31.39
16288,1895,North America,493.974,5.547999999999999,33.26
16289,1896,North America,496.11,5.472,32.35
16290,1897,North America,515.775,5.586,32.11
16291,1898,North America,561.765,5.974,33.16
16292,1899,North America,645.4590000000001,6.74,34.87
16293,1900,North America,684.367,7.015,35.06
16294,1901,North America,746.685,7.5120000000000005,37.02
16295,1902,North America,791.569,7.815,38.28
16296,1903,North America,923.924,8.95,40.95
16297,1904,North America,916.873,8.715,40.18
16298,1905,North America,1023.577,9.545,42.13
16299,1906,North America,1074.779,9.834,42.12
16300,1907,North America,1253.117,11.249,43.43
16301,1908,North America,1103.992,9.722999999999999,39.76
16302,1909,North America,1214.8110000000001,10.48,42.08
16303,1910,North America,1327.425,11.262,43.84
16304,1911,North America,1327.4620000000002,11.09,43.06
16305,1912,North America,1419.6670000000001,11.692,43.98
16306,1913,North America,1533.79,12.466,43.92
16307,1914,North America,1396.793,11.204,44.09
16308,1915,North America,1443.461,11.425999999999998,46.19
16309,1916,North America,1613.036,12.6,47.82
16310,1917,North America,1782.8729999999998,13.743,50.54
16311,1918,North America,1868.648,14.22,53.71
16312,1919,North America,1596.9820000000002,11.993,52.97
16313,1920,North America,1899.9379999999999,13.925999999999998,54.17
16314,1921,North America,1595.441,11.654000000000002,51.87
16315,1922,North America,1591.5,11.46,49.33
16316,1923,North America,2062.964,14.638,56.35
16317,1924,North America,1845.2320000000002,12.902000000000001,50.25
16318,1925,North America,1892.376,13.038,50.97
16319,1926,North America,2037.96,13.835999999999999,55.91
16320,1927,North America,1989.2820000000002,13.308,49.96
16321,1928,North America,1953.4470000000001,12.863,49.3
16322,1929,North America,2090.0429999999997,13.579,49.12
16323,1930,North America,1865.62,11.974,47.56
16324,1931,North America,1582.5739999999998,10.048,45.15
16325,1932,North America,1349.391,8.486,42.71
16326,1933,North America,1441.233,8.987,43.33
16327,1934,North America,1542.101,9.536,42.63
16328,1935,North America,1600.1889999999999,9.823,42.15
16329,1936,North America,1830.039,11.14,43.88
16330,1937,North America,1921.476,11.597999999999999,43.09
16331,1938,North America,1637.4160000000002,9.8,39.03
16332,1939,North America,1801.3139999999999,10.661,40.59
16333,1940,North America,2020.1770000000001,11.828,41.65
16334,1941,North America,2199.466,12.202,44.35
16335,1942,North America,2360.895,12.899000000000001,47.79
16336,1943,North America,2442.572,13.046,48.63
16337,1944,North America,2620.135,13.759,51.32
16338,1945,North America,2528.2870000000003,13.052,59.56
16339,1946,North America,2437.62,12.37,52.61
16340,1947,North America,2676.599,13.197000000000001,52.17
16341,1948,North America,2790.2129999999997,13.467,51.66
16342,1949,North America,2352.741,11.152999999999999,44.87
16343,1950,North America,2744.6540000000005,12.186,45.72
16344,1951,North America,2840.6490000000003,12.4,44.53
16345,1952,North America,2768.178,11.865,42.81
16346,1953,North America,2831.9159999999997,11.905999999999999,42.6
16347,1954,North America,2718.204,11.202,40.03
16348,1955,North America,2966.2259999999997,11.977,39.85
16349,1956,North America,3124.031,12.357000000000001,39.42
16350,1957,North America,3103.255,12.023,37.91
16351,1958,North America,3022.679,11.475,35.91
16352,1959,North America,3114.884,11.592,35.17
16353,1960,North America,3189.112,11.639000000000001,33.97
16354,1961,North America,3184.35,11.402999999999999,33.81
16355,1962,North America,3309.377,11.634,33.94
16356,1963,North America,3442.2909999999997,11.888,33.51
16357,1964,North America,3621.031,12.294,33.44
16358,1965,North America,3771.441,12.594000000000001,33.32
16359,1966,North America,3956.276,13.004000000000001,33.34
16360,1967,North America,4126.963,13.359000000000002,33.71
16361,1968,North America,4289.3679999999995,13.68,33.23
16362,1969,North America,4501.68,14.149000000000001,32.7
16363,1970,North America,4862.418,15.062000000000001,32.64
16364,1971,North America,4916.075,15.008,31.72
16365,1972,North America,5162.11,15.533,31.82
16366,1973,North America,5397.1230000000005,16.007,31.6
16367,1974,North America,5251.286,15.354000000000001,30.87
16368,1975,North America,5127.969,14.783,30.08
16369,1976,North America,5434.561,15.45,30.22
16370,1977,North America,5591.029,15.677,30.23
16371,1978,North America,5676.991,15.702,29.77
16372,1979,North America,5792.359,15.805,29.54
16373,1980,North America,5621.0380000000005,15.132,28.84
16374,1981,North America,5495.519,14.595,28.88
16375,1982,North America,5263.63,13.794,27.89
16376,1983,North America,5203.537,13.457,27.39
16377,1984,North America,5461.844,13.939,27.79
16378,1985,North America,5465.18,13.765999999999998,26.9
16379,1986,North America,5450.085999999999,13.549000000000001,26.43
16380,1987,North America,5656.467,13.88,26.6
16381,1988,North America,5906.085999999999,14.305,26.72
16382,1989,North America,6018.1,14.389000000000001,26.86
16383,1990,North America,5984.512,14.126,26.31
16384,1991,North America,5932.717,13.827,25.53
16385,1992,North America,6057.23,13.940999999999999,26.84
16386,1993,North America,6163.883000000001,14.009,27.03
16387,1994,North America,6288.26,14.110999999999999,27.38
16388,1995,North America,6350.638000000001,14.068,27.08
16389,1996,North America,6576.2880000000005,14.376,27.23
16390,1997,North America,6695.065,14.44,27.55
16391,1998,North America,6765.938,14.398,27.95
16392,1999,North America,6861.781999999999,14.413,27.99
16393,2000,North America,7107.691999999999,14.745999999999999,28.17
16394,2001,North America,7014.630999999999,14.385,27.56
16395,2002,North America,7068.126,14.335999999999999,27.14
16396,2003,North America,7183.859,14.415999999999999,26.25
16397,2004,North America,7282.769,14.46,25.44
16398,2005,North America,7330.253000000001,14.397,24.76
16399,2006,North America,7265.229,14.110999999999999,23.76
16400,2007,North America,7376.089,14.165,23.42
16401,2008,North America,7158.262,13.592,22.32
16402,2009,North America,6670.754,12.526,21.11
16403,2010,North America,6875.767,12.773,20.62
16404,2011,North America,6771.608,12.45,19.65
16405,2012,North America,6580.283,11.978,18.81
16406,2013,North America,6714.924,12.106,19.03
16407,2014,North America,6753.943,12.062999999999999,19.01
16408,2015,North America,6612.704000000001,11.704,18.63
16409,2016,North America,6471.36,11.353,18.25
16410,2017,North America,6412.982,11.155,17.85
16411,2018,North America,6588.63,11.366,17.98
16412,2019,North America,6460.726,11.056,17.6
16413,2020,North America,5775.159000000001,9.805,16.59
17094,1860,Oceania,0.278,0.21600000000000003,0.08
17095,1861,Oceania,0.509,0.377,0.15
17096,1862,Oceania,0.355,0.253,0.1
17097,1863,Oceania,0.39899999999999997,0.276,0.11
17098,1864,Oceania,0.267,0.18,0.07
17099,1865,Oceania,0.42100000000000004,0.275,0.1
17100,1866,Oceania,0.696,0.442,0.16
17101,1867,Oceania,0.894,0.551,0.19
17102,1868,Oceania,0.733,0.439,0.15
17103,1869,Oceania,0.6409999999999999,0.374,0.12
17104,1870,Oceania,0.601,0.342,0.11
17105,1871,Oceania,0.6920000000000001,0.384,0.12
17106,1872,Oceania,0.7070000000000001,0.384,0.11
17107,1873,Oceania,0.868,0.461,0.13
17108,1874,Oceania,0.89,0.46299999999999997,0.14
17109,1875,Oceania,0.828,0.42200000000000004,0.12
17110,1876,Oceania,0.9309999999999999,0.46399999999999997,0.14
17111,1877,Oceania,1.0659999999999998,0.52,0.15
17112,1878,Oceania,1.3230000000000002,0.517,0.19
17113,1879,Oceania,1.96,0.745,0.26
17114,1880,Oceania,2.862,1.056,0.34
17115,1881,Oceania,2.503,0.895,0.28
17116,1882,Oceania,2.84,0.9840000000000001,0.3
17117,1883,Oceania,3.353,1.124,0.34
17118,1884,Oceania,3.6310000000000002,1.179,0.36
17119,1885,Oceania,4.034,1.268,0.4
17120,1886,Oceania,4.067,1.237,0.4
17121,1887,Oceania,4.272,1.258,0.4
17122,1888,Oceania,4.891,1.3940000000000001,0.41
17123,1889,Oceania,4.738,1.31,0.4
17124,1890,Oceania,4.968,1.338,0.38
17125,1891,Oceania,5.5,1.446,0.4
17126,1892,Oceania,5.654,1.455,0.41
17127,1893,Oceania,5.507000000000001,1.392,0.41
17128,1894,Oceania,5.968999999999999,1.4809999999999999,0.43
17129,1895,Oceania,6.2139999999999995,1.5130000000000001,0.42
17130,1896,Oceania,6.273,1.5,0.41
17131,1897,Oceania,6.852,1.608,0.43
17132,1898,Oceania,7.636,1.7590000000000001,0.45
17133,1899,Oceania,7.962000000000001,1.801,0.43
17134,1900,Oceania,12.607999999999999,2.801,0.65
17135,1901,Oceania,14.18,3.095,0.7
17136,1902,Oceania,14.436,3.096,0.7
17137,1903,Oceania,14.389000000000001,3.033,0.64
17138,1904,Oceania,14.978,3.103,0.66
17139,1905,Oceania,15.587,3.173,0.64
17140,1906,Oceania,18.221,3.6460000000000004,0.71
17141,1907,Oceania,19.562,3.846,0.68
17142,1908,Oceania,20.906999999999996,4.04,0.75
17143,1909,Oceania,18.817999999999998,3.572,0.65
17144,1910,Oceania,22.339000000000002,4.164,0.74
17145,1911,Oceania,23.849,4.363,0.77
17146,1912,Oceania,25.648000000000003,4.603,0.79
17147,1913,Oceania,26.604,4.683,0.76
17148,1914,Oceania,29.561,5.103,0.93
17149,1915,Oceania,26.725,4.524,0.86
17150,1916,Oceania,24.311,4.0360000000000005,0.72
17151,1917,Oceania,25.377,4.132,0.72
17152,1918,Oceania,27.484,4.388,0.79
17153,1919,Oceania,25.868000000000002,4.05,0.86
17154,1920,Oceania,29.29,4.498,0.84
17155,1921,Oceania,26.651999999999997,4.016,0.87
17156,1922,Oceania,27.905,4.125,0.86
17157,1923,Oceania,28.685,4.162,0.78
17158,1924,Oceania,31.06,4.422,0.85
17159,1925,Oceania,32.324,4.5169999999999995,0.87
17160,1926,Oceania,32.126,4.406000000000001,0.88
17161,1927,Oceania,33.39,4.494,0.84
17162,1928,Oceania,31.000999999999998,4.095,0.78
17163,1929,Oceania,28.546,3.708,0.67
17164,1930,Oceania,26.894000000000002,3.443,0.69
17165,1931,Oceania,23.784000000000002,3.0069999999999997,0.68
17166,1932,Oceania,23.88,2.987,0.76
17167,1933,Oceania,25.125999999999998,3.116,0.76
17168,1934,Oceania,26.68,3.28,0.74
17169,1935,Oceania,29.379,3.5810000000000004,0.77
17170,1936,Oceania,31.225,3.773,0.75
17171,1937,Oceania,33.236,3.9819999999999998,0.75
17172,1938,Oceania,32.281,3.8339999999999996,0.77
17173,1939,Oceania,36.603,4.303999999999999,0.82
17174,1940,Oceania,33.797,3.928,0.7
17175,1941,Oceania,39.546,4.537,0.8
17176,1942,Oceania,41.598,4.704,0.84
17177,1943,Oceania,40.36,4.492,0.8
17178,1944,Oceania,39.678000000000004,4.346,0.78
17179,1945,Oceania,38.314,4.13,0.9
17180,1946,Oceania,40.952,4.345,0.88
17181,1947,Oceania,43.465,4.539,0.85
17182,1948,Oceania,43.923,4.513999999999999,0.81
17183,1949,Oceania,43.255,4.369,0.82
17184,1950,Oceania,63.714,5.0680000000000005,1.06
17185,1951,Oceania,67.687,5.267,1.06
17186,1952,Oceania,70.25399999999999,5.317,1.09
17187,1953,Oceania,68.667,5.093,1.03
17188,1954,Oceania,77.70100000000001,5.648,1.14
17189,1955,Oceania,81.152,5.747000000000001,1.09
17190,1956,Oceania,84.27600000000001,5.843999999999999,1.06
17191,1957,Oceania,86.29799999999999,5.856,1.05
17192,1958,Oceania,88.946,5.906000000000001,1.06
17193,1959,Oceania,95.053,6.176,1.07
17194,1960,Oceania,100.973,6.4239999999999995,1.08
17195,1961,Oceania,103.677,6.446000000000001,1.1
17196,1962,Oceania,107.209,6.506,1.1
17197,1963,Oceania,114.488,6.81,1.11
17198,1964,Oceania,124.04899999999999,7.224,1.15
17199,1965,Oceania,136.725,7.791,1.21
17200,1966,Oceania,136.762,7.6160000000000005,1.15
17201,1967,Oceania,145.475,7.912000000000001,1.19
17202,1968,Oceania,151.161,8.029,1.17
17203,1969,Oceania,159.429,8.269,1.16
17204,1970,Oceania,165.833,8.418,1.11
17205,1971,Oceania,172.15599999999998,8.568999999999999,1.11
17206,1972,Oceania,177.75799999999998,8.687000000000001,1.1
17207,1973,Oceania,194.305,9.335,1.14
17208,1974,Oceania,196.74,9.302999999999999,1.16
17209,1975,Oceania,199.435,9.291,1.17
17210,1976,Oceania,198.481,9.119,1.1
17211,1977,Oceania,213.266,9.672,1.15
17212,1978,Oceania,224.62,10.059,1.18
17213,1979,Oceania,226.513,10.013,1.16
17214,1980,Oceania,243.555,10.62,1.25
17215,1981,Oceania,252.122,10.833,1.33
17216,1982,Oceania,257.191,10.880999999999998,1.36
17217,1983,Oceania,247.75,10.314,1.3
17218,1984,Oceania,260.634,10.675,1.33
17219,1985,Oceania,268.324,10.811,1.32
17220,1986,Oceania,268.056,10.625,1.3
17221,1987,Oceania,285.61,11.137,1.34
17222,1988,Oceania,291.932,11.2,1.32
17223,1989,Oceania,308.60400000000004,11.651,1.38
17224,1990,Oceania,310.806,11.547,1.37
17225,1991,Oceania,314.08,11.491,1.35
17226,1992,Oceania,320.397,11.526,1.42
17227,1993,Oceania,325.284,11.530999999999999,1.43
17228,1994,Oceania,334.35699999999997,11.683,1.46
17229,1995,Oceania,342.43,11.799000000000001,1.46
17230,1996,Oceania,352.295,11.974,1.46
17231,1997,Oceania,365.059,12.241,1.5
17232,1998,Oceania,375.523,12.425999999999998,1.55
17233,1999,Oceania,384.92,12.569,1.57
17234,2000,Oceania,391.481,12.616,1.55
17235,2001,Oceania,402.80300000000005,12.811,1.58
17236,2002,Oceania,410.291,12.879000000000001,1.58
17237,2003,Oceania,419.06699999999995,12.977,1.53
17238,2004,Oceania,432.907,13.210999999999999,1.51
17239,2005,Oceania,435.36400000000003,13.077,1.47
17240,2006,Oceania,444.99800000000005,13.136,1.46
17241,2007,Oceania,450.773,13.062999999999999,1.43
17242,2008,Oceania,457.879,13.017999999999999,1.43
17243,2009,Oceania,447.03,12.474,1.41
17244,2010,Oceania,451.05699999999996,12.362,1.35
17245,2011,Oceania,451.76599999999996,12.173,1.31
17246,2012,Oceania,450.53,11.945,1.29
17247,2013,Oceania,440.88300000000004,11.51,1.25
17248,2014,Oceania,449.08099999999996,11.549000000000001,1.26
17249,2015,Oceania,453.845,11.501,1.28
17250,2016,Oceania,465.56699999999995,11.628,1.31
17251,2017,Oceania,465.85699999999997,11.472999999999999,1.3
17252,2018,Oceania,467.556,11.357999999999999,1.28
17253,2019,Oceania,471.01599999999996,11.29,1.28
17254,2020,Oceania,444.397,10.514000000000001,1.28
20731,1884,South America,0.004,0.001,0.0
20732,1885,South America,0.004,0.001,0.0
20733,1886,South America,0.006999999999999999,0.002,0.0
20734,1887,South America,1.092,0.17300000000000001,0.1
20735,1888,South America,0.898,0.139,0.08
20736,1889,South America,1.7619999999999998,0.267,0.15
20737,1890,South America,1.381,0.205,0.11
20738,1891,South America,0.986,0.14300000000000002,0.07
20739,1892,South America,1.4509999999999998,0.20600000000000002,0.11
20740,1893,South America,1.601,0.223,0.12
20741,1894,South America,2.0340000000000003,0.27699999999999997,0.15
20742,1895,South America,2.8289999999999997,0.272,0.19
20743,1896,South America,2.88,0.271,0.19
20744,1897,South America,2.759,0.255,0.17
20745,1898,South America,3.177,0.28800000000000003,0.19
20746,1899,South America,3.715,0.33,0.2
20747,1900,South America,3.1660000000000004,0.275,0.16
20748,1901,South America,6.401,0.212,0.32
20749,1902,South America,7.379,0.239,0.36
20750,1903,South America,7.676,0.243,0.34
20751,1904,South America,8.665,0.247,0.38
20752,1905,South America,9.211,0.27899999999999997,0.38
20753,1906,South America,12.329,0.365,0.48
20754,1907,South America,12.685,0.36700000000000005,0.44
20755,1908,South America,14.887,0.389,0.54
20756,1909,South America,13.407,0.37200000000000005,0.46
20757,1910,South America,17.246,0.46799999999999997,0.57
20758,1911,South America,19.163,0.509,0.62
20759,1912,South America,19.991,0.52,0.62
20760,1913,South America,21.123,0.499,0.6
20761,1914,South America,17.195,0.39899999999999997,0.54
20762,1915,South America,15.088,0.34299999999999997,0.48
20763,1916,South America,13.619000000000002,0.304,0.4
20764,1917,South America,10.867,0.22899999999999998,0.31
20765,1918,South America,10.999,0.22699999999999998,0.32
20766,1919,South America,12.901,0.261,0.43
20767,1920,South America,14.640999999999998,0.29100000000000004,0.42
20768,1921,South America,14.429,0.249,0.47
20769,1922,South America,17.162,0.29100000000000004,0.53
20770,1923,South America,19.76,0.32799999999999996,0.54
20771,1924,South America,24.333000000000002,0.396,0.66
20772,1925,South America,26.384,0.42,0.71
20773,1926,South America,27.381,0.428,0.75
20774,1927,South America,30.081,0.46,0.76
20775,1928,South America,31.428,0.45299999999999996,0.79
20776,1929,South America,34.424,0.48700000000000004,0.81
20777,1930,South America,29.122,0.40399999999999997,0.74
20778,1931,South America,25.546,0.348,0.73
20779,1932,South America,28.96,0.37799999999999995,0.92
20780,1933,South America,32.899,0.42200000000000004,0.99
20781,1934,South America,37.257,0.469,1.03
20782,1935,South America,41.081,0.508,1.08
20783,1936,South America,39.597,0.48100000000000004,0.95
20784,1937,South America,50.162,0.598,1.12
20785,1938,South America,46.273,0.542,1.1
20786,1939,South America,47.06,0.541,1.06
20787,1940,South America,50.717,0.5710000000000001,1.05
20788,1941,South America,50.753,0.56,1.02
20789,1942,South America,48.166000000000004,0.52,0.98
20790,1943,South America,48.57,0.512,0.97
20791,1944,South America,53.86600000000001,0.555,1.06
20792,1945,South America,54.137,0.545,1.28
20793,1946,South America,118.77600000000001,1.169,2.56
20794,1947,South America,62.107,0.598,1.21
20795,1948,South America,69.50399999999999,0.654,1.29
20796,1949,South America,70.825,0.65,1.35
20797,1950,South America,112.57700000000001,0.99,1.88
20798,1951,South America,131.287,1.124,2.06
20799,1952,South America,141.474,1.179,2.19
20800,1953,South America,140.643,1.14,2.12
20801,1954,South America,151.056,1.192,2.22
20802,1955,South America,170.08,1.307,2.29
20803,1956,South America,184.18200000000002,1.3780000000000001,2.32
20804,1957,South America,192.918,1.406,2.36
20805,1958,South America,178.755,1.268,2.12
20806,1959,South America,196.99599999999998,1.361,2.22
20807,1960,South America,199.16299999999998,1.34,2.12
20808,1961,South America,201.79,1.321,2.14
20809,1962,South America,215.67,1.375,2.21
20810,1963,South America,219.433,1.3619999999999999,2.14
20811,1964,South America,230.217,1.391,2.13
20812,1965,South America,240.18,1.4140000000000001,2.12
20813,1966,South America,252.09799999999998,1.4469999999999998,2.12
20814,1967,South America,267.478,1.4969999999999999,2.18
20815,1968,South America,287.79400000000004,1.5719999999999998,2.23
20816,1969,South America,311.44599999999997,1.66,2.26
20817,1970,South America,338.089,1.76,2.27
20818,1971,South America,346.784,1.764,2.24
20819,1972,South America,362.788,1.804,2.24
20820,1973,South America,392.89099999999996,1.91,2.3
20821,1974,South America,416.699,1.9809999999999999,2.45
20822,1975,South America,412.131,1.916,2.42
20823,1976,South America,419.56800000000004,1.9069999999999998,2.33
20824,1977,South America,435.041,1.9340000000000002,2.35
20825,1978,South America,461.426,2.006,2.42
20826,1979,South America,494.425,2.102,2.52
20827,1980,South America,508.467,2.114,2.61
20828,1981,South America,489.334,1.99,2.57
20829,1982,South America,490.651,1.952,2.6
20830,1983,South America,485.838,1.891,2.56
20831,1984,South America,491.92699999999996,1.875,2.5
20832,1985,South America,502.05400000000003,1.874,2.47
20833,1986,South America,530.17,1.939,2.57
20834,1987,South America,557.53,1.9980000000000002,2.62
20835,1988,South America,580.554,2.041,2.63
20836,1989,South America,580.184,2.001,2.59
20837,1990,South America,595.614,2.016,2.62
20838,1991,South America,603.004,2.005,2.59
20839,1992,South America,615.0509999999999,2.009,2.73
20840,1993,South America,650.401,2.0869999999999997,2.85
20841,1994,South America,667.658,2.106,2.91
20842,1995,South America,699.1560000000001,2.169,2.98
20843,1996,South America,725.574,2.215,3.0
20844,1997,South America,768.8489999999999,2.309,3.16
20845,1998,South America,821.329,2.4290000000000003,3.39
20846,1999,South America,839.543,2.445,3.42
20847,2000,South America,821.39,2.358,3.26
20848,2001,South America,832.2460000000001,2.355,3.27
20849,2002,South America,847.148,2.366,3.25
20850,2003,South America,858.232,2.366,3.14
20851,2004,South America,867.7589999999999,2.362,3.03
20852,2005,South America,902.003,2.426,3.05
20853,2006,South America,912.73,2.427,2.98
20854,2007,South America,940.7489999999999,2.474,2.99
20855,2008,South America,1007.52,2.6210000000000004,3.14
20856,2009,South America,991.952,2.553,3.14
20857,2010,South America,1082.415,2.758,3.25
20858,2011,South America,1103.963,2.784,3.2
20859,2012,South America,1159.7,2.895,3.32
20860,2013,South America,1218.74,3.012,3.45
20861,2014,South America,1230.511,3.012,3.46
20862,2015,South America,1204.961,2.9219999999999997,3.39
20863,2016,South America,1164.8980000000001,2.799,3.29
20864,2017,South America,1156.734,2.755,3.22
20865,2018,South America,1091.45,2.577,2.98
20866,2019,South America,1065.51,2.494,2.9
20867,2020,South America,994.16,2.3080000000000003,2.86
